"ID","Nombre","ApellidoP","ApellidoM","Telefono","Correo"
1,"Juan","Pérez","García","5510000001","juan.perez1@gmail.com"
2,"María","López","Hernández","5510000002","maria.lopez2@gmail.com"
3,"Carlos","Ramírez","Martínez","5510000003","carlos.ramirez3@gmail.com"
4,"Ana","Gómez","Torres","5510000004","ana.gomez4@gmail.com"
5,"Luis","Hernández","Cruz","5510000005","luis.hernandez5@gmail.com"
6,"Sofía","Morales","Flores","5510000006","sofia.morales6@gmail.com"
7,"José","Vargas","Jiménez","5510000007","jose.vargas7@gmail.com"
8,"Laura","Castillo","Ruiz","5510000008","laura.castillo8@gmail.com"
9,"Miguel","Ortiz","Sánchez","5510000009","miguel.ortiz9@gmail.com"
10,"Daniela","Rojas","Navarro","5510000010","daniela.rojas10@gmail.com"
11,"Jorge","Mendoza","Peña","5510000011","jorge.mendoza11@gmail.com"
12,"Fernanda","Silva","Acosta","5510000012","fernanda.silva12@gmail.com"
13,"Ricardo","Reyes","Núñez","5510000013","ricardo.reyes13@gmail.com"
14,"Patricia","Campos","Ibarra","5510000014","patricia.campos14@gmail.com"
15,"Alejandro","Flores","Cortés","5510000015","alejandro.flores15@gmail.com"
16,"Valeria","Soto","Mejía","5510000016","valeria.soto16@gmail.com"
17,"Fernando","Aguilar","Pacheco","5510000017","fernando.aguilar17@gmail.com"
18,"Gabriela","Delgado","Vega","5510000018","gabriela.delgado18@gmail.com"
19,"Manuel","Guerrero","Salinas","5510000019","manuel.guerrero19@gmail.com"
20,"Paola","Cabrera","Ríos","5510000020","paola.cabrera20@gmail.com"
21,"Eduardo","Luna","Valdez","5510000021","eduardo.luna21@gmail.com"
22,"Diana","Pineda","León","5510000022","diana.pineda22@gmail.com"
23,"Héctor","Fuentes","Camacho","5510000023","hector.fuentes23@gmail.com"
24,"Andrea","Montoya","Arias","5510000024","andrea.montoya24@gmail.com"
25,"Raúl","Cárdenas","Zamora","5510000025","raul.cardenas25@gmail.com"
26,"Monica","Espinoza","Bautista","5510000026","monica.espinoza26@gmail.com"
27,"Oscar","Benítez","Rangel","5510000027","oscar.benitez27@gmail.com"
28,"Karla","Carrillo","Figueroa","5510000028","karla.carrillo28@gmail.com"
29,"Francisco","Salazar","Ochoa","5510000029","francisco.salazar29@gmail.com"
30,"Marisol","Nieto","Estrada","5510000030","marisol.nieto30@gmail.com"
31,"Iván","Vega","Montero","5510000031","ivan.vega31@gmail.com"
32,"Cecilia","Palacios","Rosales","5510000032","cecilia.palacios32@gmail.com"
33,"Arturo","Bravo","Escobar","5510000033","arturo.bravo33@gmail.com"
34,"Lorena","Cervantes","Padilla","5510000034","lorena.cervantes34@gmail.com"
35,"Sergio","Zúñiga","Armenta","5510000035","sergio.zuniga35@gmail.com"
36,"Natalia","Becerra","Castañeda","5510000036","natalia.becerra36@gmail.com"
37,"Emilio","Meza","Larios","5510000037","emilio.meza37@gmail.com"
38,"Claudia","Nájera","Trejo","5510000038","claudia.najera38@gmail.com"
39,"Víctor","Ponce","Arellano","5510000039","victor.ponce39@gmail.com"
40,"Adriana","Rentería","Solís","5510000040","adriana.renteria40@gmail.com"
41,"Roberto","Macías","Gallardo","5510000041","roberto.macias41@gmail.com"
42,"Isabel","Correa","Quintana","5510000042","isabel.correa42@gmail.com"
43,"Alberto","Cisneros","Tapia","5510000043","alberto.cisneros43@gmail.com"
44,"Yolanda","Ledesma","Franco","5510000044","yolanda.ledesma44@gmail.com"
45,"Martín","Ojeda","Villanueva","5510000045","martin.ojeda45@gmail.com"
46,"Rosa","Gálvez","Peralta","5510000046","rosa.galvez46@gmail.com"
47,"Enrique","Rico","Escamilla","5510000047","enrique.rico47@gmail.com"
48,"Beatriz","Saucedo","Medina","5510000048","beatriz.saucedo48@gmail.com"
49,"Pablo","Bolaños","Cedillo","5510000049","pablo.bolanos49@gmail.com"
50,"Angélica","Godínez","Llamas","5510000050","angelica.godinez50@gmail.com"
51,"Jesús","Ayala","Muñoz","5510000051","jesus.ayala51@gmail.com"
52,"Verónica","Hinojosa","Téllez","5510000052","veronica.hinojosa52@gmail.com"
53,"Mauricio","Serrano","Bermúdez","5510000053","mauricio.serrano53@gmail.com"
54,"Silvia","Calderón","Mora","5510000054","silvia.calderon54@gmail.com"
55,"Guillermo","Toledo","Rosas","5510000055","guillermo.toledo55@gmail.com"
56,"Lucía","Barragán","Carranza","5510000056","lucia.barragan56@gmail.com"
57,"Rafael","Zarate","Quezada","5510000057","rafael.zarate57@gmail.com"
58,"Noemí","Treviño","Requena","5510000058","noemi.trevino58@gmail.com"
59,"Alfonso","Villaseñor","Sauza","5510000059","alfonso.villasenor59@gmail.com"
60,"Martha","Leyva","Borrego","5510000060","martha.leyva60@gmail.com"
61,"Ernesto","Chávez","Montes","5510000061","ernesto.chavez61@gmail.com"
62,"Alejandra","Bustamante","Frías","5510000062","alejandra.bustamante62@gmail.com"
63,"Rubén","Lara","Cifuentes","5510000063","ruben.lara63@gmail.com"
64,"Ingrid","Falcón","Del Río","5510000064","ingrid.falcon64@gmail.com"
65,"Samuel","Roldán","Villalobos","5510000065","samuel.roldan65@gmail.com"
66,"Paulina","Escalante","Montalvo","5510000066","paulina.escalante66@gmail.com"
67,"Julio","Quintero","Balderas","5510000067","julio.quintero67@gmail.com"
68,"Elena","Peñaloza","Santana","5510000068","elena.penaloza68@gmail.com"
69,"Mario","Cordero","Plascencia","5510000069","mario.cordero69@gmail.com"
70,"Ximena","Arriaga","Camberos","5510000070","ximena.arriaga70@gmail.com"
71,"Hugo","Valencia","Trejo","5510000071","hugo.valencia71@gmail.com"
72,"Brenda","Márquez","López","5510000072","brenda.marquez72@gmail.com"
73,"Esteban","Ríos","Palafox","5510000073","esteban.rios73@gmail.com"
74,"Fátima","Cuevas","Beltrán","5510000074","fatima.cuevas74@gmail.com"
75,"Israel","Sandoval","Quintero","5510000075","israel.sandoval75@gmail.com"
76,"Clara","Mondragón","Serrano","5510000076","clara.mondragon76@gmail.com"
77,"Tomás","Bañuelos","Escobedo","5510000077","tomas.banuelos77@gmail.com"
78,"Araceli","Mejía","Porras","5510000078","araceli.mejia78@gmail.com"
79,"René","Figueroa","Cardoso","5510000079","rene.figueroa79@gmail.com"
80,"Lidia","Castaños","Moreno","5510000080","lidia.castanos80@gmail.com"
81,"Ángel","Olvera","Tapia","5510000081","angel.olvera81@gmail.com"
82,"Mayra","Del Valle","Ramos","5510000082","mayra.delvalle82@gmail.com"
83,"Cristian","Villalba","Escamilla","5510000083","cristian.villalba83@gmail.com"
84,"Rocío","Carranza","Nieto","5510000084","rocio.carranza84@gmail.com"
85,"Emanuel","Pereda","Montiel","5510000085","emanuel.pereda85@gmail.com"
86,"Susana","Zepeda","Acuña","5510000086","susana.zepeda86@gmail.com"
87,"Kevin","Rosendo","Franco","5510000087","kevin.rosendo87@gmail.com"
88,"Ilse","Benavides","Ortega","5510000088","ilse.benavides88@gmail.com"
89,"Rodrigo","Cortazar","Lemus","5510000089","rodrigo.cortazar89@gmail.com"
90,"Pamela","Navarrete","Cisneros","5510000090","pamela.navarrete90@gmail.com"
91,"Omar","Galindo","Villaseñor","5510000091","omar.galindo91@gmail.com"
92,"Rebeca","Urbina","Lara","5510000092","rebeca.urbina92@gmail.com"
93,"Diego","Almanza","Salgado","5510000093","diego.almanza93@gmail.com"
94,"Mónica","Gudiño","Peñaflor","5510000094","monica.gudino94@gmail.com"
95,"Alan","Bustillos","Reyes","5510000095","alan.bustillos95@gmail.com"
96,"Jessica","Quezada","Camargo","5510000096","jessica.quezada96@gmail.com"
97,"Ulises","Rentería","Obregón","5510000097","ulises.renteria97@gmail.com"
98,"Nancy","Valadéz","Pimentel","5510000098","nancy.valadez98@gmail.com"
99,"César","Meléndez","Zorrilla","5510000099","cesar.melendez99@gmail.com"
100,"Abril","Lomelí","Haro","5510000100","abril.lomeli100@gmail.com"
