"id_dueño","nombre","telefono","correo"
1,"juan perez","5510000001","juan1@gmail.com"
2,"maria lopez","5510000002","maria2@gmail.com"
3,"carlos ramirez","5510000003","carlos3@gmail.com"
4,"ana torres","5510000004","ana4@gmail.com"
5,"luis martinez","5510000005","luis5@gmail.com"
6,"sofia hernandez","5510000006","sofia6@gmail.com"
7,"miguel sanchez","5510000007","miguel7@gmail.com"
8,"laura gomez","5510000008","laura8@gmail.com"
9,"diego flores","5510000009","diego9@gmail.com"
10,"valeria cruz","5510000010","valeria10@gmail.com"
11,"daniel ortiz","5510000011","daniel11@gmail.com"
12,"fernanda ruiz","5510000012","fernanda12@gmail.com"
13,"jorge castillo","5510000013","jorge13@gmail.com"
14,"camila jimenez","5510000014","camila14@gmail.com"
15,"andres morales","5510000015","andres15@gmail.com"
16,"paula vargas","5510000016","paula16@gmail.com"
17,"ricardo navarro","5510000017","ricardo17@gmail.com"
18,"natalia rojas","5510000018","natalia18@gmail.com"
19,"hugo medina","5510000019","hugo19@gmail.com"
20,"elena castro","5510000020","elena20@gmail.com"
21,"alejandro vega","5510000021","alejandro21@gmail.com"
22,"gabriela soto","5510000022","gabriela22@gmail.com"
23,"emilio paredes","5510000023","emilio23@gmail.com"
24,"lucia campos","5510000024","lucia24@gmail.com"
25,"sebastian leon","5510000025","sebastian25@gmail.com"
26,"diana herrera","5510000026","diana26@gmail.com"
27,"raul mendoza","5510000027","raul27@gmail.com"
28,"patricia silva","5510000028","patricia28@gmail.com"
29,"ivan aguilar","5510000029","ivan29@gmail.com"
30,"mariana nunez","5510000030","mariana30@gmail.com"
31,"oscar romero","5510000031","oscar31@gmail.com"
32,"adriana pena","5510000032","adriana32@gmail.com"
33,"tomas lozano","5510000033","tomas33@gmail.com"
34,"daniela cabrera","5510000034","daniela34@gmail.com"
35,"fernando salas","5510000035","fernando35@gmail.com"
36,"valentina ibarra","5510000036","valentina36@gmail.com"
37,"hector molina","5510000037","hector37@gmail.com"
38,"renata fuentes","5510000038","renata38@gmail.com"
39,"cristian lara","5510000039","cristian39@gmail.com"
40,"montserrat reyes","5510000040","montserrat40@gmail.com"
41,"arturo delgado","5510000041","arturo41@gmail.com"
42,"paola rios","5510000042","paola42@gmail.com"
43,"esteban cortes","5510000043","esteban43@gmail.com"
44,"ximena solis","5510000044","ximena44@gmail.com"
45,"rodrigo valdez","5510000045","rodrigo45@gmail.com"
46,"karla miranda","5510000046","karla46@gmail.com"
47,"eduardo bautista","5510000047","eduardo47@gmail.com"
48,"jimena ortega","5510000048","jimena48@gmail.com"
49,"samuel ponce","5510000049","samuel49@gmail.com"
50,"andrea castillo","5510000050","andrea50@gmail.com"
51,"mario duarte","5510000051","mario51@gmail.com"
52,"claudia mejia","5510000052","claudia52@gmail.com"
53,"julio zamora","5510000053","julio53@gmail.com"
54,"brenda esquivel","5510000054","brenda54@gmail.com"
55,"alonso rivas","5510000055","alonso55@gmail.com"
56,"fabiola castaneda","5510000056","fabiola56@gmail.com"
57,"kevin acosta","5510000057","kevin57@gmail.com"
58,"daniela bravo","5510000058","daniela58@gmail.com"
59,"mauricio trejo","5510000059","mauricio59@gmail.com"
60,"paulina estrada","5510000060","paulina60@gmail.com"
61,"cesar beltran","5510000061","cesar61@gmail.com"
62,"veronica cardenas","5510000062","veronica62@gmail.com"
63,"isaac herrera","5510000063","isaac63@gmail.com"
64,"nicole vargas","5510000064","nicole64@gmail.com"
65,"angel soto","5510000065","angel65@gmail.com"
66,"regina flores","5510000066","regina66@gmail.com"
67,"leonardo chavez","5510000067","leonardo67@gmail.com"
68,"alexa guerrero","5510000068","alexa68@gmail.com"
69,"brayan lopez","5510000069","brayan69@gmail.com"
70,"karen morales","5510000070","karen70@gmail.com"
71,"gael ramirez","5510000071","gael71@gmail.com"
72,"natalie sanchez","5510000072","natalie72@gmail.com"
73,"mateo torres","5510000073","mateo73@gmail.com"
74,"mia jimenez","5510000074","mia74@gmail.com"
75,"emiliano cruz","5510000075","emiliano75@gmail.com"
76,"abril medina","5510000076","abril76@gmail.com"
77,"ian navarro","5510000077","ian77@gmail.com"
78,"camilo rojas","5510000078","camilo78@gmail.com"
79,"valeria campos","5510000079","valeria79@gmail.com"
80,"thiago castillo","5510000080","thiago80@gmail.com"
81,"victoria leon","5510000081","victoria81@gmail.com"
82,"maximiliano silva","5510000082","maximiliano82@gmail.com"
83,"isabella aguilar","5510000083","isabella83@gmail.com"
84,"santiago nunez","5510000084","santiago84@gmail.com"
85,"antonella romero","5510000085","antonella85@gmail.com"
86,"damian pena","5510000086","damian86@gmail.com"
87,"aitana lozano","5510000087","aitana87@gmail.com"
88,"matias cabrera","5510000088","matias88@gmail.com"
89,"valentina salas","5510000089","valentina89@gmail.com"
90,"sebastian ibarra","5510000090","sebastian90@gmail.com"
91,"marcos gil","5510000091","marcos91@gmail.com"
92,"karina ortega","5510000092","karina92@gmail.com"
93,"erick pardo","5510000093","erick93@gmail.com"
94,"lilian mora","5510000094","lilian94@gmail.com"
95,"alan estrada","5510000095","alan95@gmail.com"
96,"ximena paredes","5510000096","ximena96@gmail.com"
97,"omar fuentes","5510000097","omar97@gmail.com"
98,"brisa aguirre","5510000098","brisa98@gmail.com"
99,"adrian salazar","5510000099","adrian99@gmail.com"
100,"lucas montes","5510000100","lucas100@gmail.com"
