"ID","Empresa","Telefono","Correo"
1,"TechSolutions México","5540000001","contacto@techsolutions.mx"
2,"ElectroGlobal SA de CV","5540000002","ventas@electroglobal.mx"
3,"Digital Systems Group","5540000003","info@digitalsystems.com"
4,"CompuMarket México","5540000004","soporte@compumarket.mx"
5,"Redes y Tecnología Integral","5540000005","contacto@redesytec.mx"
6,"Innovatek Solutions","5540000006","ventas@innovatek.com"
7,"DataTech Proveedores","5540000007","info@datatech.mx"
8,"Smart Electronics","5540000008","contacto@smartelectronics.mx"
9,"Mega Hardware Store","5540000009","ventas@megahardware.com"
10,"Soluciones Informáticas MX","5540000010","soporte@simin.mx"
11,"Distribuidora Computacional","5540000011","ventas@distcomputo.mx"
12,"PC Master Supply","5540000012","contacto@pcmaster.com"
13,"Electrónica Avanzada","5540000013","info@electronicaavanzada.mx"
14,"Hardware & Network","5540000014","ventas@hardwarenet.com"
15,"NetCom Solutions","5540000015","contacto@netcom.mx"
16,"Vision Technology","5540000016","ventas@visiontech.com"
17,"Proveedores Digitales SA","5540000017","info@provdigital.mx"
18,"ElectroDistribuciones MX","5540000018","contacto@electrodis.mx"
19,"Innovación Tecnológica","5540000019","ventas@innovatec.mx"
20,"Grupo TecnoPlus","5540000020","soporte@tecnoplus.com"
21,"Soluciones Smart Home","5540000021","contacto@smarthome.mx"
22,"SecureTech Systems","5540000022","ventas@securetech.com"
23,"Vision CCTV México","5540000023","info@visioncctv.mx"
24,"Redes Empresariales","5540000024","contacto@redesemp.mx"
25,"Control Digital SA","5540000025","ventas@controldigital.mx"
26,"Global PC Distribuidor","5540000026","ventas@globalpc.com"
27,"TecnoAlianza MX","5540000027","info@tecnoalianza.mx"
28,"ElectroNet Pro","5540000028","contacto@electronet.mx"
29,"Hardware Solutions Group","5540000029","ventas@hsg.com"
30,"DataStore Proveedores","5540000030","info@datastore.mx"
31,"Audio & Video Tech","5540000031","ventas@avtech.mx"
32,"Smart Devices MX","5540000032","contacto@smartdevices.mx"
33,"Innovación Digital Pro","5540000033","ventas@idpro.com"
34,"Conectividad Total","5540000034","soporte@conectotal.mx"
35,"PC World Distribuciones","5540000035","ventas@pcworld.mx"
36,"Tecnología Empresarial","5540000036","contacto@tecemp.mx"
37,"Grupo ElectroPlus","5540000037","ventas@electroplus.mx"
38,"Network Solutions MX","5540000038","info@networksolutions.mx"
39,"Vision Hardware","5540000039","ventas@visionhardware.com"
40,"Digital Market Pro","5540000040","contacto@digitalmarket.mx"
41,"CompuRed MX","5540000041","soporte@compured.mx"
42,"Smart Tech Supply","5540000042","ventas@smarttech.com"
43,"Electro Sistemas Integrales","5540000043","info@esis.mx"
44,"Grupo Hardware Pro","5540000044","contacto@ghp.mx"
45,"Conexión Digital","5540000045","ventas@conexiondigital.mx"
46,"Techno Importaciones","5540000046","ventas@techimport.mx"
47,"Proveedores IT México","5540000047","info@proveedoresit.mx"
48,"Soluciones Tecnológicas Globales","5540000048","contacto@stglobal.mx"
49,"Distribuidora Electrónica Nacional","5540000049","ventas@den.mx"
50,"CompuSoluciones Integrales","5540000050","soporte@compusol.mx"
51,"DigitalWare MX","5540000051","ventas@digitalware.mx"
52,"ElectroData Pro","5540000052","info@electrodata.mx"
53,"Hardware & Software MX","5540000053","contacto@hs.mx"
54,"VisionTech Distribuidor","5540000054","ventas@visiontech.mx"
55,"Grupo Tecnológico Alfa","5540000055","info@gtalfa.mx"
56,"SmartNet Proveedores","5540000056","ventas@smartnet.mx"
57,"TecnoDistribuciones","5540000057","contacto@tecnodis.mx"
58,"ElectroHogar Tech","5540000058","ventas@electrohogar.mx"
59,"Soluciones Digitales Avanzadas","5540000059","info@sda.mx"
60,"PC & Network Supply","5540000060","ventas@pcnetwork.com"
61,"InnovaElectronics","5540000061","contacto@innovaelec.mx"
62,"Grupo RedTech","5540000062","ventas@redtech.mx"
63,"Digital Zone Pro","5540000063","info@digitalzone.mx"
64,"Hardware Nacional","5540000064","ventas@hardwarenal.mx"
65,"ElectroVision SA","5540000065","contacto@electrovision.mx"
66,"Smart Business Tech","5540000066","ventas@smartbiztech.com"
67,"TecnoMarket Pro","5540000067","info@tecnomarket.mx"
68,"Sistemas Computacionales MX","5540000068","soporte@siscom.mx"
69,"Global Electronics Supply","5540000069","ventas@globalelec.com"
70,"Redes Inteligentes","5540000070","contacto@redesint.mx"
71,"ElectroPlus Distribuidor","5540000071","ventas@electroplusd.mx"
72,"CompuTech Nacional","5540000072","info@computech.mx"
73,"SmartWare Solutions","5540000073","ventas@smartware.com"
74,"DigitalPro MX","5540000074","contacto@digitalpro.mx"
75,"Grupo Sistemas Integrales","5540000075","ventas@gsi.mx"
76,"Innovación Electrónica","5540000076","info@innelec.mx"
77,"TechStore Proveedores","5540000077","ventas@techstore.mx"
78,"ElectroServicios MX","5540000078","contacto@electroserv.mx"
79,"Redes y Soluciones IT","5540000079","ventas@rsit.mx"
80,"Vision Digital Supply","5540000080","info@visionds.com"
81,"PC Global MX","5540000081","ventas@pcglobal.mx"
82,"Hardware Pro México","5540000082","contacto@hardwarepro.mx"
83,"TecnoRed Empresarial","5540000083","ventas@tecnored.mx"
84,"ElectroTech Import","5540000084","info@electrotech.mx"
85,"Smart Solutions Group","5540000085","ventas@ssgroup.com"
86,"Digital Hardware MX","5540000086","contacto@digitalhardware.mx"
87,"Grupo Electrónico Central","5540000087","ventas@gecentral.mx"
88,"CompuDistribuciones","5540000088","info@compudist.mx"
89,"Innovate IT Supply","5540000089","ventas@innovateit.com"
90,"RedTech Proveedores","5540000090","contacto@redtechprov.mx"
91,"ElectroSmart MX","5540000091","ventas@electrosmart.mx"
92,"Sistemas Digitales Integrados","5540000092","info@sdi.mx"
93,"Hardware Solutions MX","5540000093","ventas@hsmx.com"
94,"VisionNet Distribuidor","5540000094","contacto@visionnet.mx"
95,"TecnoGlobal Supply","5540000095","ventas@tecnoglobal.com"
96,"ElectroWorld México","5540000096","info@electroworld.mx"
97,"Smart IT Solutions","5540000097","ventas@smartit.com"
98,"PC Solutions Nacional","5540000098","contacto@pcsolutions.mx"
99,"DigitalCore Proveedores","5540000099","ventas@digitalcore.mx"
100,"Grupo Tecnológico Delta","5540000100","info@gtdelta.mx"
